id,title ,image_link ,country ,years ,director_description,leader,star ,description,tags,
1,肖申克的救赎,https://img3.doubanio.com/view/photo/s_ratio_poster/public/p480747492.jpg,美国,1994, 弗兰克·德拉邦特 Frank Darabont, 蒂姆·罗宾斯 Tim Robbins,9.7,希望让人自由。,犯罪/剧情,
2,霸王别姬,https://img1.doubanio.com/view/photo/s_ratio_poster/public/p2561716440.jpg,中国大陆 中国香港,1993, 陈凯歌 Kaige Chen, 张国荣 Leslie Cheung,9.6,风华绝代。,剧情/爱情/同性,
3,泰坦尼克号,https://img9.doubanio.com/view/photo/s_ratio_poster/public/p457760035.jpg,美国 墨西哥,1997, 詹姆斯·卡梅隆 James Cameron, 莱昂纳多·迪卡普里奥 Leonardo...,9.5,失去的才是永恒的。 ,剧情/爱情/灾难,
4,阿甘正传,https://img3.doubanio.com/view/photo/s_ratio_poster/public/p2372307693.jpg,美国,1994, 罗伯特·泽米吉斯 Robert Zemeckis, 汤姆·汉克斯 Tom Hanks,9.5,一部美国近现代史。,剧情/爱情,
5,千与千寻,https://img1.doubanio.com/view/photo/s_ratio_poster/public/p2557573348.jpg,日本,2001, 宫崎骏 Hayao Miyazaki, 柊瑠美 Rumi Hîragi,9.4,最好的宫崎骏，最好的久石让。 ,剧情/动画/奇幻,
6,美丽人生,https://img3.doubanio.com/view/photo/s_ratio_poster/public/p2578474613.jpg,意大利,1997, 罗伯托·贝尼尼 Roberto Benigni, 罗伯托·贝尼尼 Roberto Beni...,9.5,最美的谎言。,剧情/喜剧/爱情/战争,
7,这个杀手不太冷,https://img9.doubanio.com/view/photo/s_ratio_poster/public/p2913554676.jpg,法国 美国,1994, 吕克·贝松 Luc Besson, 让·雷诺 Jean Reno,9.4,怪蜀黍和小萝莉不得不说的故事。,剧情/动作/犯罪,
8,星际穿越,https://img3.doubanio.com/view/photo/s_ratio_poster/public/p2614988097.jpg,美国 英国 加拿大,2014, 克里斯托弗·诺兰 Christopher Nolan, 马修·麦康纳 Matthew Mc...,9.4,爱是一种力量，让我们超越时空感知它的存在。,剧情/科幻/冒险,
9,盗梦空间,https://img9.doubanio.com/view/photo/s_ratio_poster/public/p513344864.jpg,美国 英国,2010, 克里斯托弗·诺兰 Christopher Nolan, 莱昂纳多·迪卡普里奥 Le...,9.4,诺兰给了我们一场无法盗取的梦。,剧情/科幻/悬疑/冒险,
10,楚门的世界,https://img3.doubanio.com/view/photo/s_ratio_poster/public/p479682972.jpg,美国,1998, 彼得·威尔 Peter Weir, 金·凯瑞 Jim Carrey,9.4,如果再也不能见到你，祝你早安，午安，晚安。,剧情/科幻,
11,辛德勒的名单,https://img3.doubanio.com/view/photo/s_ratio_poster/public/p492406163.jpg,美国,1993, 史蒂文·斯皮尔伯格 Steven Spielberg, 连姆·尼森 Liam Neeson...,9.5,拯救一个人，就是拯救整个世界。,剧情/历史/战争,
12,忠犬八公的故事,https://img1.doubanio.com/view/photo/s_ratio_poster/public/p2587099240.jpg,美国 英国,2009, 莱塞·霍尔斯道姆 Lasse Hallström, 理查·基尔 Richard Ger...,9.4,永远都不能忘记你所爱的人。,剧情,
13,海上钢琴师,https://img9.doubanio.com/view/photo/s_ratio_poster/public/p2914698334.jpg,意大利,1998, 朱塞佩·托纳多雷 Giuseppe Tornatore, 蒂姆·罗斯 Tim Roth,9.3,每个人都要走一条自己坚定了的路，就算是粉身碎骨。 ,剧情/音乐,
14,三傻大闹宝莱坞,https://img2.doubanio.com/view/photo/s_ratio_poster/public/p579729551.jpg,印度,2009, 拉库马·希拉尼 Rajkumar Hirani, 阿米尔·汗 Aamir Khan,9.2,英俊版憨豆，高情商版谢耳朵。,剧情/喜剧/爱情/歌舞,
15,放牛班的春天,https://img1.doubanio.com/view/photo/s_ratio_poster/public/p2884280708.jpg,法国 瑞士 德国,2004, 克里斯托夫·巴拉蒂 Christophe Barratier, 让-巴蒂斯特·莫尼...,9.3,天籁一般的童声，是最接近上帝的存在。 ,剧情/音乐,
16,机器人总动员,https://img2.doubanio.com/view/photo/s_ratio_poster/public/p1461851991.jpg,美国,2008, 安德鲁·斯坦顿 Andrew Stanton, 本·贝尔特 Ben Burtt,9.3,小瓦力，大人生。,科幻/动画/冒险,
17,疯狂动物城,https://img2.doubanio.com/view/photo/s_ratio_poster/public/p2323981221.jpg,美国,2016, 拜伦·霍华德 Byron Howard, 拜伦·霍华德 Byron Howard,9.2,迪士尼给我们营造的乌托邦就是这样，永远善良勇敢，永远出乎意料。,喜剧/动画/冒险,
18,无间道,https://img3.doubanio.com/view/photo/s_ratio_poster/public/p2564556863.jpg,中国香港,2002, 刘伟强, 刘伟强,9.3,香港电影史上永不过时的杰作。,剧情/犯罪/惊悚,
19,控方证人,https://img2.doubanio.com/view/photo/s_ratio_poster/public/p2911817201.jpg,美国,1957, 比利·怀尔德 Billy Wilder, 泰隆·鲍华 Tyrone Power,9.6,比利·怀德满分作品。,剧情/犯罪/悬疑/惊悚,
20,大话西游之大圣娶亲,https://img9.doubanio.com/view/photo/s_ratio_poster/public/p2455050536.jpg,中国香港 中国大陆,1995, 刘镇伟 Jeffrey Lau, 周星驰 Stephen Chow,9.2,一生所爱。,喜剧/爱情/奇幻/古装,
21,熔炉,https://img9.doubanio.com/view/photo/s_ratio_poster/public/p1363250216.jpg,韩国,2011, 黄东赫 Dong-hyuk Hwang, 孔侑 Yoo Gong,9.3,我们一路奋战不是为了改变世界，而是为了不让世界改变我们。,剧情,
22,教父,https://img9.doubanio.com/view/photo/s_ratio_poster/public/p616779645.jpg,美国,1972, 弗朗西斯·福特·科波拉 Francis Ford Coppola, 马龙·白兰度 M...,9.3,千万不要记恨你的对手，这样会让你失去理智。,剧情/犯罪,
23,触不可及,https://img9.doubanio.com/view/photo/s_ratio_poster/public/p1454261925.jpg,法国,2011, 奥利维·那卡什 Olivier Nakache, 奥利维·那卡什 Olivier Nakache,9.3,满满温情的高雅喜剧。,剧情/喜剧,
24,寻梦环游记,https://img2.doubanio.com/view/photo/s_ratio_poster/public/p2505426431.jpg,美国,2017, 李·昂克里奇 Lee Unkrich, 李·昂克里奇 Lee Unkrich,9.1,死亡不是真的逝去，遗忘才是永恒的消亡。,喜剧/动画/奇幻/音乐,
25,当幸福来敲门,https://img1.doubanio.com/view/photo/s_ratio_poster/public/p1312700628.jpg,美国,2006, 加布里尔·穆奇诺 Gabriele Muccino, 威尔·史密斯 Will Smith ...,9.2,平民励志片。 ,剧情/传记/家庭,
26,末代皇帝,https://img3.doubanio.com/view/photo/s_ratio_poster/public/p452089833.jpg,英国 意大利 中国大陆 法国,1987, 贝纳尔多·贝托鲁奇 Bernardo Bertolucci, 尊龙 John Lone,9.3,“不要跟我比惨，我比你更惨”再适合这部电影不过了。,剧情/传记/历史,
27,龙猫,https://img9.doubanio.com/view/photo/s_ratio_poster/public/p2540924496.jpg,日本,1988, 宫崎骏 Hayao Miyazaki, 日高法子 Noriko Hidaka,9.2,人人心中都有个龙猫，童年就永远不会消失。,动画/奇幻/冒险,
28,哈利·波特与魔法石,https://img1.doubanio.com/view/photo/s_ratio_poster/public/p2913781448.jpg,美国 英国,2001, Chris Columbus, Daniel Radcliffe,9.2,童话世界的开端。,奇幻/冒险,
29,怦然心动,https://img1.doubanio.com/view/photo/s_ratio_poster/public/p501177648.jpg,美国,2010, 罗伯·莱纳 Rob Reiner, 玛德琳·卡罗尔 Madeline Carroll,9.1,真正的幸福是来自内心深处。,剧情/喜剧/爱情,
30,活着,https://img3.doubanio.com/view/photo/s_ratio_poster/public/p2597919477.jpg,中国大陆 中国香港,1994, 张艺谋 Yimou Zhang, 葛优 You Ge,9.3,张艺谋最好的电影。,剧情/历史/家庭,
31,蝙蝠侠：黑暗骑士,https://img3.doubanio.com/view/photo/s_ratio_poster/public/p462657443.jpg,美国 英国,2008, 克里斯托弗·诺兰 Christopher Nolan, 克里斯蒂安·贝尔 Christ...,9.2,无尽的黑暗。,剧情/动作/科幻/犯罪/惊悚,
32,指环王3：王者无敌,https://img3.doubanio.com/view/photo/s_ratio_poster/public/p2642829472.jpg,美国 新西兰,2003, 彼得·杰克逊 Peter Jackson, 伊利亚·伍德 Elijah Wood,9.3,史诗的终章。,剧情/动作/奇幻/冒险,
33,我不是药神,https://img9.doubanio.com/view/photo/s_ratio_poster/public/p2561305376.jpg,中国大陆,2018, 文牧野 Muye Wen, 徐峥 Zheng Xu,9.0,对我们国家而言，这样的电影多一部是一部。,剧情/喜剧,
34,乱世佳人,https://img1.doubanio.com/view/photo/s_ratio_poster/public/p1963126880.jpg,美国,1939, 维克多·弗莱明 Victor Fleming, 维克多·弗莱明 Victor Fleming,9.3,Tomorrow is another day.,剧情/历史/爱情/战争,
35,飞屋环游记,https://img1.doubanio.com/view/photo/s_ratio_poster/public/p2553594918.jpg,美国,2009, 彼特·道格特 Pete Docter, 彼特·道格特 Pete Docter,9.1,最后那些最无聊的事情，才是最值得怀念的。 ,剧情/喜剧/动画/冒险,
36,让子弹飞,https://img3.doubanio.com/view/photo/s_ratio_poster/public/p1512562287.jpg,中国大陆 中国香港,2010, 姜文 Wen Jiang, 姜文 Wen Jiang,9.0,你给我翻译翻译，神马叫做TMD的惊喜。,剧情/喜剧/动作/西部,
37,哈尔的移动城堡,https://img9.doubanio.com/view/photo/s_ratio_poster/public/p2907583906.jpg,日本,2004, 宫崎骏 Hayao Miyazaki, 倍赏千惠子 Chieko Baishô,9.1,带着心爱的人在天空飞翔。,爱情/动画/奇幻/冒险,
38,素媛,https://img9.doubanio.com/view/photo/s_ratio_poster/public/p2118532944.jpg,韩国,2013, 李濬益 Jun-ik Lee, 薛景求 Kyung-gu Sol,9.3,受过伤害的人总是笑得最开心，因为他们不愿意让身边的人承受一样的痛苦。,剧情,
39,十二怒汉,https://img3.doubanio.com/view/photo/s_ratio_poster/public/p2173577632.jpg,美国,1957, Sidney Lumet, 亨利·方达 Henry Fonda,9.4,1957年的理想主义。 ,剧情,
40,海蒂和爷爷,https://img9.doubanio.com/view/photo/s_ratio_poster/public/p2554525534.jpg,德国 瑞士,2015, 阿兰·葛斯彭纳 Alain Gsponer, 阿努克·斯特芬 Anuk Steffen,9.3,如果生活中有什么使你感到快乐，那就去做吧！不要管别人说什么。,剧情/冒险/家庭,
41,猫鼠游戏,https://img2.doubanio.com/view/photo/s_ratio_poster/public/p453924541.jpg,美国 加拿大,2002, 史蒂文·斯皮尔伯格 Steven Spielberg, 莱昂纳多·迪卡普里奥 L...,9.1,骗子大师和执著警探的你追我跑故事。 ,传记/犯罪/剧情,
42,何以为家,https://img1.doubanio.com/view/photo/s_ratio_poster/public/p2555295759.jpg,黎巴嫩 美国 法国 塞浦路斯 卡塔尔 英国,2018, 娜丁·拉巴基 Nadine Labaki, 扎因·拉费阿 Zain al-Rafeea,9.1,凝视卑弱生命，用电影改变命运。,剧情,
43,摔跤吧！爸爸,https://img1.doubanio.com/view/photo/s_ratio_poster/public/p2401676338.jpg,印度,2016, 涅提·蒂瓦里 Nitesh Tiwari, 阿米尔·汗 Aamir Khan,9.0,你不是在为你一个人战斗，你要让千千万万的女性看到女生并不是只能相夫教子。,剧情/传记/运动/家庭,
44,天空之城,https://img2.doubanio.com/view/photo/s_ratio_poster/public/p2892409201.jpg,日本,1986, 宫崎骏 Hayao Miyazaki, 田中真弓 Mayumi Tanaka,9.2,对天空的追逐，永不停止。 ,动画/奇幻/冒险,
45,鬼子来了,https://img1.doubanio.com/view/photo/s_ratio_poster/public/p2553104888.jpg,中国大陆,2000, 姜文 Wen Jiang, 姜文 Wen Jiang,9.3,对敌人的仁慈，就是对自己残忍。,剧情/喜剧,
46,少年派的奇幻漂流,https://img2.doubanio.com/view/photo/s_ratio_poster/public/p1784592701.jpg,美国 中国台湾 英国 加拿大,2012, 李安 Ang Lee, 苏拉·沙玛 Suraj Sharma,9.1,瑰丽壮观、无人能及的冒险之旅。,剧情/奇幻/冒险,
47,钢琴家,https://img2.doubanio.com/view/photo/s_ratio_poster/public/p1381339291.jpg,英国 法国 波兰 德国 美国,2002, 罗曼·波兰斯基 Roman Polanski, 艾德里安·布洛迪 Adrien Brod...,9.3,音乐能化解仇恨。,剧情/传记/战争/音乐,
48,指环王2：双塔奇兵,https://img9.doubanio.com/view/photo/s_ratio_poster/public/p2640236255.jpg,美国 新西兰,2002, 彼得·杰克逊 Peter Jackson, 伊利亚·伍德 Elijah Wood,9.2,承前启后的史诗篇章。,剧情/动作/奇幻/冒险,
49,大话西游之月光宝盒,https://img3.doubanio.com/view/photo/s_ratio_poster/public/p2561721372.jpg,中国香港 中国大陆,1995, 刘镇伟 Jeffrey Lau, 周星驰 Stephen Chow,9.0,旷古烁今。,喜剧/爱情/奇幻/古装,
50,死亡诗社,https://img1.doubanio.com/view/photo/s_ratio_poster/public/p2575465690.jpg,美国,1989, 彼得·威尔 Peter Weir, 罗宾·威廉姆斯 Robin Williams,9.2,当一个死水般的体制内出现一个活跃的变数时，所有的腐臭都站在了光明的对面。,剧情,
51,闻香识女人,https://img1.doubanio.com/view/photo/s_ratio_poster/public/p2550757929.jpg,美国,1992, 马丁·布莱斯 Martin Brest, 阿尔·帕西诺 Al Pacino,9.1,史上最美的探戈。,剧情,
52,绿皮书,https://img1.doubanio.com/view/photo/s_ratio_poster/public/p2546114530.jpg,美国 中国大陆,2018, 彼得·法雷里 Peter Farrelly, 维果·莫腾森 Viggo Mortensen,8.9,去除成见，需要勇气。,剧情/喜剧/传记/音乐,
53,大闹天宫,https://img3.doubanio.com/view/photo/s_ratio_poster/public/p2184505167.jpg,1964(中国大陆),1961(中国大陆), 万籁鸣 Laiming Wan, 邱岳峰 Yuefeng Qiu,9.4,经典之作，历久弥新。,剧情/动画/奇幻/古装,
54,罗马假日,https://img9.doubanio.com/view/photo/s_ratio_poster/public/p2189265085.jpg,美国,1953, 威廉·惠勒 William Wyler, 奥黛丽·赫本 Audrey Hepburn,9.1,爱情哪怕只有一天。,喜剧/剧情/爱情,
55,黑客帝国,https://img1.doubanio.com/view/photo/s_ratio_poster/public/p451926968.jpg,美国,1999, 安迪·沃卓斯基 Andy Wachowski, 安迪·沃卓斯基 Andy Wachowski,9.1,视觉革命。,动作/科幻,
56,指环王1：护戒使者,https://img9.doubanio.com/view/photo/s_ratio_poster/public/p2197698335.jpg,新西兰 美国,2001, 彼得·杰克逊 Peter Jackson, 伊利亚·伍德 Elijah Wood,9.1,传说的开始。,剧情/动作/奇幻/冒险,
57,教父2,https://img3.doubanio.com/view/photo/s_ratio_poster/public/p2194138787.jpg,美国,1974, 弗朗西斯·福特·科波拉 Francis Ford Coppola, 阿尔·帕西诺 A...,9.3,优雅的孤独。,剧情/犯罪,
58,天堂电影院,https://img1.doubanio.com/view/photo/s_ratio_poster/public/p2653054340.jpg,意大利 法国,1988, 朱塞佩·托纳多雷 Giuseppe Tornatore, 菲利普·努瓦雷 Philipp...,9.2,那些吻戏，那些青春，都在影院的黑暗里被泪水冲刷得无比清晰。,剧情/爱情,
59,狮子王,https://img3.doubanio.com/view/photo/s_ratio_poster/public/p726659067.jpg,美国,1994, Roger Allers, Roger Allers,9.1,动物版《哈姆雷特》。,动画/冒险/歌舞,
60,辩护人,https://img9.doubanio.com/view/photo/s_ratio_poster/public/p2158166535.jpg,韩国,2013, 杨宇硕 Woo-seok Yang, 宋康昊 Kang-ho Song,9.2,电影的现实意义大过电影本身。,剧情,
61,饮食男女,https://img2.doubanio.com/view/photo/s_ratio_poster/public/p1910899751.jpg,中国台湾 美国,1994, 李安 Ang Lee, 郎雄 Sihung Lung,9.2,人生不能像做菜，把所有的料都准备好了才下锅。,剧情/家庭,
62,搏击俱乐部,https://img3.doubanio.com/view/photo/s_ratio_poster/public/p1910931622.jpg,美国,1999, 大卫·芬奇 David Fincher, 爱德华·诺顿 Edward Norton,9.0,邪恶与平庸蛰伏于同一个母体，在特定的时间互相对峙。,剧情/动作/悬疑/惊悚,
63,本杰明·巴顿奇事,https://img3.doubanio.com/view/photo/s_ratio_poster/public/p2192535722.jpg,美国,2008, 大卫·芬奇 David Fincher, 凯特·布兰切特 Cate Blanchett,9.0,在时间之河里感受溺水之苦。,剧情/爱情/奇幻,
64,美丽心灵,https://img1.doubanio.com/view/photo/s_ratio_poster/public/p1665997400.jpg,美国,2001, 朗·霍华德 Ron Howard, 罗素·克劳 Russell Crowe,9.1,爱是一切逻辑和原由。,传记/剧情,
65,穿条纹睡衣的男孩,https://img3.doubanio.com/view/photo/s_ratio_poster/public/p1473670352.jpg,英国 美国,2008, 马克·赫尔曼 Mark Herman, 阿萨·巴特菲尔德 Asa Butterfield ...,9.2,尽管有些不切实际的幻想，这部电影依旧是一部感人肺腑的佳作。,剧情/战争,
66,情书,https://img1.doubanio.com/view/photo/s_ratio_poster/public/p2648230660.jpg,日本,1995, 岩井俊二 Shunji Iwai, 中山美穗 Miho Nakayama,8.9,暗恋的极致。,剧情/爱情,
67,窃听风暴,https://img1.doubanio.com/view/photo/s_ratio_poster/public/p1808872109.jpg,德国,2006, 弗洛里安·亨克尔·冯·多纳斯马尔克 Florian Henckel von Donnersmarck,,9.2,别样人生。,剧情/悬疑,
68,两杆大烟枪,https://img1.doubanio.com/view/photo/s_ratio_poster/public/p792443418.jpg,英国,1998, 盖·里奇 Guy Ritchie, 杰森·弗莱明 Jason Flemyng,9.1,4个臭皮匠顶个诸葛亮，盖·里奇果然不是盖的。,剧情/喜剧/犯罪,
69,哈利·波特与死亡圣器(下),https://img1.doubanio.com/view/photo/s_ratio_poster/public/p2913457020.jpg,美国 英国,2011, 大卫·叶茨 David Yates, 丹尼尔·雷德克里夫 Daniel Radcliffe...,9.0,10年的完美句点。,奇幻/冒险,
70,音乐之声,https://img3.doubanio.com/view/photo/s_ratio_poster/public/p453788577.jpg,美国,1965, 罗伯特·怀斯 Robert Wise, 朱莉·安德鲁斯 Julie Andrews,9.1,用音乐化解仇恨，让歌声串起美好。,剧情/传记/爱情/歌舞,
71,看不见的客人,https://img9.doubanio.com/view/photo/s_ratio_poster/public/p2498971355.jpg,西班牙,2016, 奥里奥尔·保罗 Oriol Paulo, 马里奥·卡萨斯 Mario Casas,8.8,你以为你以为的就是你以为的。,剧情/犯罪/悬疑/惊悚,
72,西西里的美丽传说,https://img1.doubanio.com/view/photo/s_ratio_poster/public/p2441988159.jpg,意大利 美国,2000, 朱塞佩·托纳多雷 Giuseppe Tornatore, 莫妮卡·贝鲁奇 Monica ...,8.9,美丽无罪。,剧情/战争/情色,
73,阿凡达,https://img1.doubanio.com/view/photo/s_ratio_poster/public/p2180085848.jpg,美国,2009, 詹姆斯·卡梅隆 James Cameron, 萨姆·沃辛顿 Sam Worthington ...,8.8,绝对意义上的美轮美奂。,动作/科幻/冒险,
74,功夫,https://img1.doubanio.com/view/photo/s_ratio_poster/public/p2219011938.jpg,中国大陆 中国香港,2004, 周星驰 Stephen Chow, 周星驰 Stephen Chow,8.9,警恶惩奸，维护世界和平这个任务就交给你了，好吗？,动作/喜剧/犯罪/奇幻,
75,哈利·波特与阿兹卡班的囚徒,https://img1.doubanio.com/view/photo/s_ratio_poster/public/p2913456870.jpg,英国 美国,2004, 阿方索·卡隆 Alfonso Cuarón, 丹尼尔·雷德克里夫 Daniel Rad...,9.0,不一样的导演，不一样的哈利·波特。,奇幻/冒险,
76,拯救大兵瑞恩,https://img9.doubanio.com/view/photo/s_ratio_poster/public/p1014542496.jpg,美国,1998, 史蒂文·斯皮尔伯格 Steven Spielberg, 汤姆·汉克斯 Tom Hanks...,9.1,美利坚精神输出大片No1.,剧情/战争,
77,小鞋子,https://img9.doubanio.com/view/photo/s_ratio_poster/public/p2165511465.jpg,伊朗,1997, 马基德·马基迪 Majid Majidi, 默罕默德·阿米尔·纳吉 Mohamma...,9.2,奔跑的孩子是天使。,剧情/儿童/家庭,
78,沉默的羔羊,https://img3.doubanio.com/view/photo/s_ratio_poster/public/p1593414327.jpg,美国,1991, 乔纳森·戴米 Jonathan Demme, 朱迪·福斯特 Jodie Foster,8.9,安东尼·霍普金斯的顶级表演。,剧情/犯罪/惊悚,
79,飞越疯人院,https://img3.doubanio.com/view/photo/s_ratio_poster/public/p792238287.jpg,美国,1975, 米洛斯·福尔曼 Miloš Forman, 杰克·尼科尔森 Jack Nichols...,9.1,自由万岁。,剧情,
80,布达佩斯大饭店,https://img3.doubanio.com/view/photo/s_ratio_poster/public/p2183539003.jpg,美国 德国 英国,2014, 韦斯·安德森 Wes Anderson, 拉尔夫·费因斯 Ralph Fiennes,8.9,小清新的故事里注入了大历史的情怀。,剧情/喜剧/冒险,
81,蝴蝶效应,https://img1.doubanio.com/view/photo/s_ratio_poster/public/p2209066019.jpg,美国 加拿大,2004, 埃里克·布雷斯 Eric Bress, 埃里克·布雷斯 Eric Bress,8.9,人的命运被自己瞬间的抉择改变。,剧情/悬疑/科幻/惊悚,
82,禁闭岛,https://img1.doubanio.com/view/photo/s_ratio_poster/public/p450262388.jpg,美国,2010, Martin Scorsese, 莱昂纳多·迪卡普里奥 Leonardo DiCaprio,8.9,昔日翩翩少年，今日大腹便便。,剧情/悬疑/惊悚,
83,致命魔术,https://img9.doubanio.com/view/photo/s_ratio_poster/public/p480383375.jpg,英国 美国,2006, 克里斯托弗·诺兰 Christopher Nolan, 休·杰克曼 Hugh Jackman...,8.9,孪生蝙蝠侠大战克隆金刚狼。,剧情/悬疑/惊悚,
84,心灵捕手,https://img9.doubanio.com/view/photo/s_ratio_poster/public/p480965695.jpg,美国,1997, 格斯·范·桑特 Gus Van Sant, 马特·达蒙 Matt Damon,9.0,人生中应该拥有这样的一段豁然开朗。,剧情,
85,超脱,https://img2.doubanio.com/view/photo/s_ratio_poster/public/p1305562621.jpg,美国,2011, 托尼·凯耶 Tony Kaye, 艾德里安·布洛迪 Adrien Brody,9.0,穷尽一生，我们要学会的，不过是彼此拥抱。,剧情,
86,低俗小说,https://img3.doubanio.com/view/photo/s_ratio_poster/public/p1910902213.jpg,美国,1994, 昆汀·塔伦蒂诺 Quentin Tarantino, 约翰·特拉沃尔塔 John Tra...,8.9,故事的高级讲法。,剧情/喜剧/犯罪,
87,摩登时代,https://img1.doubanio.com/view/photo/s_ratio_poster/public/p2263408369.jpg,美国,1936, 查理·卓别林 Charles Chaplin, 查理·卓别林 Charles Chaplin ...,9.3,大时代中的人生，小人物的悲喜。,剧情/喜剧/爱情,
88,哈利·波特与密室,https://img2.doubanio.com/view/photo/s_ratio_poster/public/p2913781951.jpg,英国 美国,2002, Chris Columbus, 丹尼尔·雷德克里夫 Daniel Radcliffe,8.9,魔法的密室之门已打开...,奇幻/冒险,
89,喜剧之王,https://img3.doubanio.com/view/photo/s_ratio_poster/public/p2579932167.jpg,中国香港,1999, 周星驰 Stephen Chow, 周星驰 Stephen Chow,8.8,我是一个演员。,喜剧/剧情/爱情,
90,春光乍泄,https://img2.doubanio.com/view/photo/s_ratio_poster/public/p465939041.jpg,中国香港 日本 韩国,1997, 王家卫 Kar Wai Wong, 张国荣 Leslie Cheung,9.0,爱情纠缠，男女一致。,剧情/爱情/同性,
91,致命ID,https://img9.doubanio.com/view/photo/s_ratio_poster/public/p2558364386.jpg,美国,2003, 詹姆斯·曼高德 James Mangold, 约翰·库萨克 John Cusack,8.9,最不可能的那个人永远是最可能的。,剧情/悬疑/惊悚,
92,杀人回忆,https://img1.doubanio.com/view/photo/s_ratio_poster/public/p1633113220.jpg,韩国,2003, 奉俊昊 Joon-ho Bong, 宋康昊 Kang-ho Song,8.9,关于连环杀人悬案的集体回忆。,剧情/动作/犯罪/悬疑/惊悚,
93,海豚湾,https://img1.doubanio.com/view/photo/s_ratio_poster/public/p2559579779.jpg,美国,2009, 路易·西霍尤斯 Louie Psihoyos, 路易·西霍尤斯 Louie Psihoyo...,9.3,海豚的微笑，是世界上最高明的伪装。,纪录片,
94,美国往事,https://img3.doubanio.com/view/photo/s_ratio_poster/public/p477229647.jpg,美国 意大利,1984, 赛尔乔·莱翁内 Sergio Leone, 罗伯特·德尼罗 Robert De Niro ...,9.1,往事如烟，无处祭奠。,犯罪/剧情,
95,一一,https://img3.doubanio.com/view/photo/s_ratio_poster/public/p2567845803.jpg,中国台湾 日本,2000, 杨德昌 Edward Yang, 吴念真,9.1,我们都曾经是一一。,剧情/爱情/家庭,
96,加勒比海盗,https://img9.doubanio.com/view/photo/s_ratio_poster/public/p1596085504.jpg,美国,2003, 戈尔·维宾斯基 Gore Verbinski, 约翰尼·德普 Johnny Depp,8.8,约翰尼·德普的独角戏。,动作/冒险/奇幻,
97,红辣椒,https://img1.doubanio.com/view/photo/s_ratio_poster/public/p2794776839.jpg,日本,2006, 今敏 Satoshi Kon, 林原惠美 Megumi Hayashibara,9.0,梦的勾结。,动画/悬疑/科幻/惊悚,
98,七宗罪,https://img9.doubanio.com/view/photo/s_ratio_poster/public/p2219586434.jpg,美国,1995, 大卫·芬奇 David Fincher, 摩根·弗里曼 Morgan Freeman,8.8,警察抓小偷，老鼠玩死猫。,剧情/犯罪/悬疑/惊悚,
99,唐伯虎点秋香,https://img9.doubanio.com/view/photo/s_ratio_poster/public/p2357915564.jpg,中国香港,1993, 李力持 Lik-Chi Lee, 周星驰 Stephen Chow,8.7,华太师是黄霑，吴镇宇四大才子之一。,喜剧/爱情/古装,
100,狩猎,https://img3.doubanio.com/view/photo/s_ratio_poster/public/p1546987967.jpg,丹麦 瑞典,2012, 托马斯·温特伯格 Thomas Vinterberg, 麦斯·米科尔森 Mads Mik...,9.1,人言可畏。,剧情,
101,7号房的礼物,https://img9.doubanio.com/view/photo/s_ratio_poster/public/p1816276065.jpg,韩国,2013, 李焕庆 Hwan-kyeong Lee, 柳承龙 Seung-yong Ryoo,8.9,《我是山姆》的《美丽人生》。,剧情/喜剧/家庭,
102,甜蜜蜜,https://img9.doubanio.com/view/photo/s_ratio_poster/public/p2223011274.jpg,中国香港,1996, 陈可辛 Peter Chan, 黎明 Leon Lai,8.9,相逢只要一瞬间，等待却像是一辈子。,剧情/爱情,
103,蝙蝠侠：黑暗骑士崛起,https://img9.doubanio.com/view/photo/s_ratio_poster/public/p1706428744.jpg,美国 英国,2012, 克里斯托弗·诺兰 Christopher Nolan, 克里斯蒂安·贝尔 Christ...,8.9,诺兰就是保证。,剧情/动作/科幻/犯罪/惊悚,
104,被嫌弃的松子的一生,https://img9.doubanio.com/view/photo/s_ratio_poster/public/p884763596.jpg,日本,2006, 中岛哲也 Tetsuya Nakashima, 中谷美纪 Miki Nakatani,8.8,以戏谑来戏谑戏谑。,剧情/歌舞,
105,寄生虫,https://img1.doubanio.com/view/photo/s_ratio_poster/public/p2561439800.jpg,韩国,2019, 奉俊昊 Joon-ho Bong, 宋康昊 Kang-ho Song,8.8,,剧情,
106,爱在黎明破晓前,https://img9.doubanio.com/view/photo/s_ratio_poster/public/p2555762374.jpg,美国 奥地利 瑞士,1995, 理查德·林克莱特 Richard Linklater, 伊桑·霍克 Ethan Hawke ...,8.8,缘分是个连绵词，最美不过一瞬。,剧情/爱情,
107,超能陆战队,https://img1.doubanio.com/view/photo/s_ratio_poster/public/p2224568669.jpg,美国,2014, 唐·霍尔 Don Hall, 唐·霍尔 Don Hall,8.8,Balalala~~~,喜剧/动作/科幻/动画/冒险,
108,第六感,https://img9.doubanio.com/view/photo/s_ratio_poster/public/p2220184425.jpg,美国,1999, M·奈特·沙马兰 M. Night Shyamalan, 布鲁斯·威利斯 Bruce Wi...,8.9,深入内心的恐怖，出人意料的结局。,剧情/悬疑/惊悚,
109,天书奇谭,https://img9.doubanio.com/view/photo/s_ratio_poster/public/p2700138245.jpg,2021,1983(中国大陆), 王树忱 Shuchen Wang, 王树忱 Shuchen Wang,9.2,,动画/奇幻,
110,重庆森林,https://img2.doubanio.com/view/photo/s_ratio_poster/public/p792381411.jpg,中国香港,1994, 王家卫 Kar Wai Wong, 林青霞 Brigitte Lin,8.8,寂寞没有期限。,剧情/爱情,
111,爱在日落黄昏时,https://img1.doubanio.com/view/photo/s_ratio_poster/public/p2561542458.jpg,美国 法国,2004, 理查德·林克莱特 Richard Linklater, 伊桑·霍克 Ethan Hawke ...,8.9,九年后的重逢是世俗和责任的交叠，没了悸动和青涩，沧桑而温暖。,剧情/爱情,
112,入殓师,https://img9.doubanio.com/view/photo/s_ratio_poster/public/p2707581855.jpg,日本,2008, 泷田洋二郎 Yôjirô Takita, 本木雅弘 Masahiro Motoki,8.9,死可能是一道门，逝去并不是终结，而是超越，走向下一程。,剧情,
113,幽灵公主,https://img9.doubanio.com/view/photo/s_ratio_poster/public/p1613191025.jpg,日本,1997, 宫崎骏 Hayao Miyazaki, 松田洋治 Yôji Matsuda,8.9,人与自然的战争史诗。,动画/奇幻/冒险,
114,剪刀手爱德华,https://img3.doubanio.com/view/photo/s_ratio_poster/public/p480956937.jpg,美国,1990, 蒂姆·波顿 Tim Burton, 约翰尼·德普 Johnny Depp,8.7,浪漫忧郁的成人童话。,剧情/爱情/奇幻,
115,断背山,https://img1.doubanio.com/view/photo/s_ratio_poster/public/p2154212680.jpg,美国 加拿大,2005, 李安 Ang Lee, 希斯·莱杰 Heath Ledger,8.8,每个人心中都有一座断背山。,剧情/爱情/同性/家庭,
116,请以你的名字呼唤我,https://img1.doubanio.com/view/photo/s_ratio_poster/public/p2505525050.jpg,意大利 法国 巴西 美国,2017, 卢卡·瓜达尼诺 Luca Guadagnino, 艾米·汉莫 Armie Hammer,8.8,沉醉在电影的情感和视听氛围中无法自拔。,剧情/爱情/同性,
117,勇敢的心,https://img1.doubanio.com/view/photo/s_ratio_poster/public/p2004174709.jpg,美国,1995, 梅尔·吉布森 Mel Gibson, 梅尔·吉布森 Mel Gibson,8.9,史诗大片的典范。,动作/传记/剧情/历史/战争,
118,菊次郎的夏天,https://img9.doubanio.com/view/photo/s_ratio_poster/public/p2620392435.jpg,日本,1999, 北野武 Takeshi Kitano, 北野武 Takeshi Kitano,8.9,从没见过那么流氓的温柔，从没见过那么温柔的流氓。,剧情/喜剧,
119,未麻的部屋,https://img3.doubanio.com/view/photo/s_ratio_poster/public/p1351050722.jpg,日本,1997, 今敏 Satoshi Kon, 岩男润子 Junko Iwao,9.1,好的剧本是，就算你猜到了结局也猜不到全部。,剧情/犯罪/动画/悬疑/惊悚,
120,借东西的小人阿莉埃蒂,https://img9.doubanio.com/view/photo/s_ratio_poster/public/p617533616.jpg,日本,2010, 米林宏昌 Hiromasa Yonebayashi, 志田未来 Mirai Shida,8.9,曾经的那段美好会沉淀为一辈子的记忆。,动画/奇幻/冒险,
121,哈利·波特与火焰杯,https://img9.doubanio.com/view/photo/s_ratio_poster/public/p2913456904.jpg,英国 美国,2005, 迈克·内威尔 Mike Newell, 丹尼尔·雷德克里夫 Daniel Radclif...,8.8,,悬疑/奇幻/冒险,
122,消失的爱人,https://img9.doubanio.com/view/photo/s_ratio_poster/public/p2221768894.jpg,美国,2014, 大卫·芬奇 David Fincher, 本·阿弗莱克 Ben Affleck,8.7,年度最佳date movie。,剧情/犯罪/悬疑/惊悚,
123,茶馆,https://img9.doubanio.com/view/photo/s_ratio_poster/public/p2528965424.jpg,中国大陆,1982(中国大陆), 谢添 Tian Xie, 于是之 Shizhi Yu,9.6,,剧情/历史,
124,时空恋旅人,https://img9.doubanio.com/view/photo/s_ratio_poster/public/p2070153774.jpg,英国 美国,2013, 理查德·柯蒂斯 Richard Curtis, 多姆纳尔·格里森 Domhnall Gl...,8.8,把每天当作最后一天般珍惜度过，积极拥抱生活，就是幸福。,喜剧/爱情/奇幻,
125,无人知晓,https://img3.doubanio.com/view/photo/s_ratio_poster/public/p661160053.jpg,日本,2004, 是枝裕和 Hirokazu Koreeda, 柳乐优弥 Yûya Yagira,9.1,我的平常生活就是他人的幸福。,剧情,
126,倩女幽魂,https://img9.doubanio.com/view/photo/s_ratio_poster/public/p2414157745.jpg,中国香港,1987, 程小东 Siu-Tung Ching, 张国荣 Leslie Cheung,8.8,两张绝世的脸。 ,爱情/奇幻/武侠/古装,
127,阳光灿烂的日子,https://img9.doubanio.com/view/photo/s_ratio_poster/public/p2564685215.jpg,中国大陆 中国香港,1994, 姜文 Wen Jiang, 夏雨 Yu Xia,8.8,一场华丽的意淫。,剧情/爱情,
128,完美的世界,https://img1.doubanio.com/view/photo/s_ratio_poster/public/p2190556408.jpg,美国,1993, 克林特·伊斯特伍德 Clint Eastwood, 凯文·科斯特纳 Kevin Cos...,9.1,坏人的好总是比好人的好来得更感人。,剧情/犯罪,
129,头脑特工队,https://img1.doubanio.com/view/photo/s_ratio_poster/public/p2874927470.jpg,美国,2015, 彼特·道格特 Pete Docter, 彼特·道格特 Pete Docter,8.8,愿我们都不用长大，每一座城堡都能永远存在。,喜剧/动画/冒险,
130,天使爱美丽,https://img3.doubanio.com/view/photo/s_ratio_poster/public/p2447590313.jpg,法国 德国,2001, 让-皮埃尔·热内 Jean-Pierre Jeunet, 奥黛丽·塔图 Audrey Tau...,8.7,法式小清新。 ,剧情/喜剧/爱情,
131,小森林 夏秋篇,https://img3.doubanio.com/view/photo/s_ratio_poster/public/p2564498893.jpg,日本,2014, 森淳一 Junichi Mori, 桥本爱 Ai Hashimoto,9.0,那些静得只能听见呼吸的日子里，你明白孤独即生活。,剧情,
132,驯龙高手,https://img9.doubanio.com/view/photo/s_ratio_poster/public/p2210954024.jpg,美国,2010, 迪恩·德布洛斯 Dean DeBlois, 迪恩·德布洛斯 Dean DeBlois,8.8,和谐的生活离不开摸头与被摸头。,动画/奇幻/冒险,
133,新世界,https://img1.doubanio.com/view/photo/s_ratio_poster/public/p1903379979.jpg,韩国,2013, 朴勋政 Hoon-jung Park, 李政宰 Jung-Jae Lee,8.9,要做就做得狠一点，这样才能活下去。,剧情/犯罪,
134,侧耳倾听,https://img3.doubanio.com/view/photo/s_ratio_poster/public/p456692072.jpg,日本,1995, 近藤喜文 Yoshifumi Kondo, 本名阳子 Youko Honna,8.9,少女情怀总是诗。,剧情/爱情/动画,
135,怪兽电力公司,https://img1.doubanio.com/view/photo/s_ratio_poster/public/p2513247938.jpg,美国,2001, 彼特·道格特 Pete Docter, 彼特·道格特 Pete Docter,8.8,不要给它起名字，起了名字就有感情了。,儿童/喜剧/动画/奇幻/冒险,
136,傲慢与偏见,https://img1.doubanio.com/view/photo/s_ratio_poster/public/p2016401659.jpg,法国 英国 美国,2005, 乔·怀特 Joe Wright, 凯拉·奈特莉 Keira Knightley,8.7,爱是摈弃傲慢与偏见之后的曙光。,剧情/爱情,
137,教父3,https://img2.doubanio.com/view/photo/s_ratio_poster/public/p2169664351.jpg,美国,1990, 弗朗西斯·福特·科波拉 Francis Ford Coppola, 阿尔·帕西诺 A...,9.0,任何信念的力量，都无法改变命运。,剧情/犯罪,
138,玩具总动员3,https://img1.doubanio.com/view/photo/s_ratio_poster/public/p1283675359.jpg,美国,2010, 李·昂克里奇 Lee Unkrich, 汤姆·汉克斯 Tom Hanks,8.9,跨度十五年的欢乐与泪水。,喜剧/动画/奇幻/冒险,
139,一个叫欧维的男人决定去死,https://img3.doubanio.com/view/photo/s_ratio_poster/public/p2406624993.jpg,瑞典,2015, 汉内斯·赫尔姆 Hannes Holm, 罗夫·拉斯加德 Rolf Lassgård...,8.9,惠及一生的美丽。,剧情,
140,幸福终点站,https://img3.doubanio.com/view/photo/s_ratio_poster/public/p854757687.jpg,美国,2004, 史蒂文·斯皮尔伯格 Steven Spielberg, 汤姆·汉克斯 Tom Hanks...,8.8,有时候幸福需要等一等。 ,喜剧/剧情/爱情,
141,色，戒,https://img9.doubanio.com/view/photo/s_ratio_poster/public/p453716305.jpg,中国台湾 中国大陆 美国 中国香港,2007, 李安 Ang Lee, 梁朝伟 Tony Leung Chiu Wai,8.7,假戏真情，爱欲深海,剧情/爱情/情色,
142,小森林 冬春篇,https://img3.doubanio.com/view/photo/s_ratio_poster/public/p2618201652.jpg,日本,2015, 森淳一 Junichi Mori, 桥本爱 Ai Hashimoto,9.0,尊敬他人，尊敬你生活的这片土地，明白孤独是人生的常态。,剧情,
143,被解救的姜戈,https://img3.doubanio.com/view/photo/s_ratio_poster/public/p1800813767.jpg,美国,2012, 昆汀·塔伦蒂诺 Quentin Tarantino, 杰米·福克斯 Jamie Foxx,8.8,热血沸腾，那个低俗、性感的无耻混蛋又来了。,剧情/动作/西部/冒险,
144,釜山行,https://img1.doubanio.com/view/photo/s_ratio_poster/public/p2360940399.jpg,韩国,2016, 延尚昊 Sang-ho Yeon, 孔侑 Yoo Gong,8.6,揭露人性的丧尸题材力作。,动作/惊悚/灾难,
145,神偷奶爸,https://img1.doubanio.com/view/photo/s_ratio_poster/public/p792776858.jpg,美国 法国,2010, 皮艾尔·柯芬 Pierre Coffin, 皮艾尔·柯芬 Pierre Coffin,8.7,Mr. I Don't Care其实也有Care的时候。,喜剧/动画/冒险,
146,九品芝麻官,https://img1.doubanio.com/view/photo/s_ratio_poster/public/p648370300.jpg,中国香港 中国大陆,1994, 王晶 Jing Wong, 周星驰 Stephen Chow,8.8,,剧情/喜剧/古装,
147,萤火之森,https://img3.doubanio.com/view/photo/s_ratio_poster/public/p1675053073.jpg,日本,2011, 大森贵弘 Takahiro Omori, 佐仓绫音 Ayane Sakura,8.8,触不到的恋人。,剧情/爱情/动画/奇幻,
148,哪吒闹海,https://img9.doubanio.com/view/photo/s_ratio_poster/public/p2532803206.jpg,中国大陆,1979, 王树忱 Shuchen Wang, 王树忱 Shuchen Wang,9.2,想你时你在闹海。,冒险/动画/奇幻,
149,告白,https://img9.doubanio.com/view/photo/s_ratio_poster/public/p689520756.jpg,日本,2010, 中岛哲也 Tetsuya Nakashima, 松隆子 Takako Matsu,8.8,没有一人完全善，也没有一人完全恶。,剧情/悬疑,
150,喜宴,https://img3.doubanio.com/view/photo/s_ratio_poster/public/p2249048907.jpg,中国台湾 美国,1993, 李安 Ang Lee, 赵文瑄 Winston Chao,9.0,中国家庭的喜怒哀乐忍。,剧情/喜剧/爱情/同性/家庭,
151,玛丽和马克思,https://img9.doubanio.com/view/photo/s_ratio_poster/public/p488255145.jpg,澳大利亚 美国,2009, 亚当·艾略特 Adam Elliot, 托妮·科莱特 Toni Collette,9.0,你是我最好的朋友，你是我唯一的朋友 。,剧情/喜剧/动画,
152,花样年华,https://img2.doubanio.com/view/photo/s_ratio_poster/public/p2917498801.jpg,中国香港,2000, 王家卫 Kar Wai Wong, 梁朝伟 Tony Leung Chiu Wai,8.8,偷情本没有这样美。,剧情/爱情,
153,头号玩家,https://img3.doubanio.com/view/photo/s_ratio_poster/public/p2516578307.jpg,美国,2018, 史蒂文·斯皮尔伯格 Steven Spielberg, 泰伊·谢里丹 Tye Sheri...,8.6,写给影迷，动漫迷和游戏迷的一封情书。,动作/科幻/冒险,
154,模仿游戏,https://img3.doubanio.com/view/photo/s_ratio_poster/public/p2255040492.jpg,英国 美国,2014, 莫滕·泰杜姆 Morten Tyldum, 本尼迪克特·康伯巴奇 Benedict C...,8.8,他给机器起名“克里斯托弗”，因为这是他初恋的名字。,剧情/传记/战争/同性,
155,大鱼,https://img9.doubanio.com/view/photo/s_ratio_poster/public/p692813374.jpg,美国,2003, 蒂姆·波顿 Tim Burton, 伊万·麦克格雷格 Ewan McGregor,8.8,抱着梦想而活着的人是幸福的，怀抱梦想而死去的人是不朽的。,剧情/爱情/奇幻/冒险,
156,七武士,https://img9.doubanio.com/view/photo/s_ratio_poster/public/p2215886505.jpg,日本,1954, 黑泽明 Akira Kurosawa, 三船敏郎 Toshirô Mifune,9.3,时代悲歌。,动作/冒险/剧情,
157,射雕英雄传之东成西就,https://img3.doubanio.com/view/photo/s_ratio_poster/public/p2609063922.jpg,中国香港,1993, 刘镇伟 Jeffrey Lau, 梁朝伟 Tony Leung Chiu Wai,8.7,百看不厌。 ,喜剧/奇幻/武侠/古装,
158,惊魂记,https://img9.doubanio.com/view/photo/s_ratio_poster/public/p1021883305.jpg,美国,1960, 阿尔弗雷德·希区柯克 Alfred Hitchcock, 安东尼·博金斯 Antho...,9.0,故事的反转与反转，分裂电影的始祖。,悬疑/惊悚/恐怖,
159,血战钢锯岭,https://img1.doubanio.com/view/photo/s_ratio_poster/public/p2398141939.jpg,澳大利亚 美国,2016, 梅尔·吉布森 Mel Gibson, 安德鲁·加菲尔德 Andrew Garfield,8.7,优秀的战争片不会美化战场，不会粉饰死亡，不会矮化敌人，不会无视常识，最重要的，不会宣扬战争。,剧情/传记/历史/战争,
160,我是山姆,https://img9.doubanio.com/view/photo/s_ratio_poster/public/p652417775.jpg,美国,2001, 杰茜·尼尔森 Jessie Nelson, Sean Penn,9.0,爱并不需要智商 。,剧情/家庭,
161,阳光姐妹淘,https://img3.doubanio.com/view/photo/s_ratio_poster/public/p1374786017.jpg,韩国,2011, 姜炯哲 Hyeong-Cheol Kang, 沈恩京 Eun-kyung Shim,8.8,再多各自牛逼的时光，也比不上一起傻逼的岁月。 ,剧情/喜剧,
162,你的名字。,https://img2.doubanio.com/view/photo/s_ratio_poster/public/p2910701461.jpg,日本,2016, 新海诚 Makoto Shinkai, 神木隆之介 Ryûnosuke Kamiki,8.5,穿越错位的时空，仰望陨落的星辰，你没留下你的名字，我却无法忘记那句“我爱你”。,剧情/爱情/动画,
163,恐怖直播,https://img9.doubanio.com/view/photo/s_ratio_poster/public/p2016930906.jpg,韩国,2013, 金秉祐 Byeong-woo Kim, 河正宇 Jung-woo Ha,8.7,恐怖分子的“秋菊打官司”。,剧情/犯罪/悬疑,
164,黑客帝国3：矩阵革命,https://img1.doubanio.com/view/photo/s_ratio_poster/public/p443461818.jpg,美国,2003, 拉娜·沃卓斯基 Lana Wachowski, 拉娜·沃卓斯基 Lana Wachowski,8.8,不得不说，《黑客帝国》系列是商业片与科幻、哲学完美结合的典范。,动作/科幻,
165,三块广告牌,https://img9.doubanio.com/view/photo/s_ratio_poster/public/p2502943384.jpg,英国 美国,2017, 马丁·麦克唐纳 Martin McDonagh, 弗兰西斯·麦克多蒙德 France...,8.7,怼天怼地，你走后，她与世界为敌。,剧情/犯罪,
166,心迷宫,https://img9.doubanio.com/view/photo/s_ratio_poster/public/p2276780256.jpg,中国大陆,2014, 忻钰坤 Yukun Xin, 霍卫民 Weimin Huo,8.7,荒诞讽刺，千奇百巧，抽丝剥茧，百转千回。,剧情/犯罪/悬疑,
167,心灵奇旅,https://img1.doubanio.com/view/photo/s_ratio_poster/public/p2595591069.jpg,美国,2020, 彼特·道格特 Pete Docter, 彼特·道格特 Pete Docter,8.7,,动画/奇幻/音乐,
168,电锯惊魂,https://img9.doubanio.com/view/photo/s_ratio_poster/public/p726839485.jpg,美国,2004, 詹姆斯·温 James Wan, 雷·沃纳尔 Leigh Whannell,8.7,真相就在眼前。,悬疑/惊悚/恐怖,
169,小丑,https://img9.doubanio.com/view/photo/s_ratio_poster/public/p2567198874.jpg,美国 加拿大,2019, 托德·菲利普斯 Todd Phillips, 杰昆·菲尼克斯 Joaquin Phoeni...,8.7,,剧情/犯罪/惊悚,
170,背靠背，脸对脸,https://img3.doubanio.com/view/photo/s_ratio_poster/public/p2505048077.jpg,中国大陆 中国香港,1994, 黄建新 Jianxin Huang, 黄建新 Jianxin Huang,9.5,,剧情,
171,达拉斯买家俱乐部,https://img3.doubanio.com/view/photo/s_ratio_poster/public/p2166160837.jpg,美国,2013, 让-马克·瓦雷 Jean-Marc Vallée, 马修·麦康纳 Matthew McCon...,8.8,Jared Leto的腿比女人还美！,剧情/传记/同性,
172,疯狂原始人,https://img3.doubanio.com/view/photo/s_ratio_poster/public/p1867084027.jpg,美国,2013, 科克·德·米科 Kirk De Micco, 科克·德·米科 Kirk De Micco,8.7,老少皆宜，这就是好莱坞动画的魅力。,喜剧/动画/冒险,
173,谍影重重3,https://img3.doubanio.com/view/photo/s_ratio_poster/public/p792223507.jpg,美国 德国 法国 英国,2007, 保罗·格林格拉斯 Paul Greengrass, 马特·达蒙 Matt Damon,8.8,像吃了苏打饼一样干脆的电影。,动作/悬疑/惊悚,
174,绿里奇迹,https://img2.doubanio.com/view/photo/s_ratio_poster/public/p767586451.jpg,美国,1999, 弗兰克·德拉邦特 Frank Darabont, 汤姆·汉克斯 Tom Hanks,8.9,天使暂时离开。,犯罪/剧情/奇幻/悬疑,
175,爱在午夜降临前,https://img1.doubanio.com/view/photo/s_ratio_poster/public/p2074715729.jpg,美国 希腊,2013, 理查德·林克莱特 Richard Linklater, 伊桑·霍克 Ethan Hawke ...,8.9,所谓爱情，就是话唠一路，都不会心生腻烦，彼此嫌弃。,剧情/爱情,
176,海街日记,https://img3.doubanio.com/view/photo/s_ratio_poster/public/p2603364117.jpg,日本,2015, 是枝裕和 Hirokazu Koreeda, 绫濑遥 Haruka Ayase,8.8,是枝裕和的家庭习作。,剧情/家庭,
177,上帝之城,https://img1.doubanio.com/view/photo/s_ratio_poster/public/p455677490.jpg,巴西 法国,2002, 费尔南多·梅里尔斯 Fernando Meirelles, 费尔南多·梅里尔斯 Fernando Meirelles,9.0,被上帝抛弃了的上帝之城。,犯罪/剧情,
178,机器人之梦,https://img9.doubanio.com/view/photo/s_ratio_poster/public/p2904305126.jpg,西班牙 法国,2023, 巴勃罗·贝格尔 Pablo Berger, 伊万·拉班达 Ivan Labanda,9.0,,剧情/动画/音乐,
179,英雄本色,https://img3.doubanio.com/view/photo/s_ratio_poster/public/p2504997087.jpg,中国香港,1986, 吴宇森 John Woo, 周润发 Yun-Fat Chow,8.6,英雄泪短，兄弟情长。 ,剧情/动作/犯罪,
180,无间道2,https://img1.doubanio.com/view/photo/s_ratio_poster/public/p958008320.jpg,中国香港,2003, 刘伟强, 刘伟强,8.8,,剧情/犯罪/惊悚,
181,风之谷,https://img3.doubanio.com/view/photo/s_ratio_poster/public/p1917567652.jpg,日本,1984, 宫崎骏 Hayao Miyazaki, 岛本须美 Sumi Shimamoto,8.9,动画片的圣经。,动画/奇幻/冒险,
182,疯狂的石头,https://img3.doubanio.com/view/photo/s_ratio_poster/public/p712241453.jpg,中国大陆 中国香港,2006, 宁浩 Hao Ning, 郭涛 Tao Guo,8.6,中国版《两杆大烟枪》。,喜剧/犯罪,
183,2001太空漫游,https://img9.doubanio.com/view/photo/s_ratio_poster/public/p2560717825.jpg,英国 美国,1968, 斯坦利·库布里克 Stanley Kubrick, 凯尔·杜拉 Keir Dullea,8.9,现代科幻电影的开山之作，最伟大导演的最伟大影片。,科幻/惊悚/冒险,
184,雨中曲,https://img9.doubanio.com/view/photo/s_ratio_poster/public/p1612355875.jpg,美国,1952, 斯坦利·多南 Stanley Donen, 斯坦利·多南 Stanley Donen,9.1,骨灰级歌舞片。,喜剧/歌舞/爱情,
185,纵横四海,https://img1.doubanio.com/view/photo/s_ratio_poster/public/p2597918718.jpg,中国香港,1991, 吴宇森 John Woo, 周润发 Yun-Fat Chow,8.8,香港浪漫主义警匪动作片的巅峰之作。,剧情/喜剧/动作/犯罪,
186,记忆碎片,https://img3.doubanio.com/view/photo/s_ratio_poster/public/p641688453.jpg,美国,2000, 克里斯托弗·诺兰 Christopher Nolan, 盖·皮尔斯 Guy Pearce,8.7,一个针管引发的血案。,犯罪/剧情/悬疑/惊悚,
187,卢旺达饭店,https://img3.doubanio.com/view/photo/s_ratio_poster/public/p470419493.jpg,英国 南非 意大利 美国,2004, 特瑞·乔治 Terry George, 唐·钱德尔 Don Cheadle,8.9,当这个世界闭上双眼，他却敞开了怀抱。,剧情/传记/历史/战争,
188,小偷家族,https://img9.doubanio.com/view/photo/s_ratio_poster/public/p2530599636.jpg,日本,2018, 是枝裕和 Hirokazu Koreeda, 中川雅也 Lily Franky,8.7,我们组成了家。,剧情/犯罪/家庭,
189,无敌破坏王,https://img9.doubanio.com/view/photo/s_ratio_poster/public/p1735642656.jpg,美国,2012, 瑞奇·莫尔 Rich Moore, 约翰·C·赖利 John C. Reilly,8.7,迪士尼和皮克斯拿错剧本的产物。,喜剧/动画/奇幻/冒险,
190,末路狂花,https://img9.doubanio.com/view/photo/s_ratio_poster/public/p1910924635.jpg,美国 英国 法国,1991, 雷德利·斯科特 Ridley Scott, 吉娜·戴维斯 Geena Davis,9.0,没有了退路，只好飞向自由。,犯罪/剧情/惊悚,
191,冰川时代,https://img1.doubanio.com/view/photo/s_ratio_poster/public/p1910895719.jpg,美国,2002, 卡洛斯·沙尔丹哈 Carlos Saldanha, 卡洛斯·沙尔丹哈 Carlos Saldanha,8.6,松鼠才是角儿。,喜剧/动画/冒险,
192,岁月神偷,https://img2.doubanio.com/view/photo/s_ratio_poster/public/p456666151.jpg,中国香港 中国大陆,2010, 罗启锐 Alex Law, 吴君如 Sandra Ng,8.7,岁月流逝，来日可追。,剧情/家庭,
193,牯岭街少年杀人事件,https://img9.doubanio.com/view/photo/s_ratio_poster/public/p848381236.jpg,中国台湾,1991, 杨德昌 Edward Yang, 张震 Chen Chang,8.9,弱者送给弱者的一刀。,剧情/犯罪,
194,恐怖游轮,https://img9.doubanio.com/view/photo/s_ratio_poster/public/p462470694.jpg,英国 澳大利亚,2009, 克里斯托弗·史密斯 Christopher Smith, 梅利莎·乔治 Melissa ...,8.5,不要企图在重复中寻找已经失去的爱。,剧情/悬疑/惊悚,
195,东京教父,https://img1.doubanio.com/view/photo/s_ratio_poster/public/p456703618.jpg,日本,2003, 今敏 Satoshi Kon, 江守彻 Toru Emori,9.0,,剧情/喜剧/动画,
196,忠犬八公物语,https://img9.doubanio.com/view/photo/s_ratio_poster/public/p2603716224.jpg,日本,1987, 神山征二郎 Seijirô Kôyama, 仲代达矢 Tatsuya Nakadai,9.2,养狗三日，便会对你终其一生。,剧情,
197,荒蛮故事,https://img3.doubanio.com/view/photo/s_ratio_poster/public/p2584519452.jpg,阿根廷 西班牙,2014, 达米安·斯兹弗隆 Damián Szifron, 达里奥·葛兰帝内提 Darío...,8.8,始于荒诞，止于更荒诞。,剧情/喜剧/犯罪,
198,爆裂鼓手,https://img1.doubanio.com/view/photo/s_ratio_poster/public/p2915975989.jpg,美国,2014, 达米恩·查泽雷 Damien Chazelle, 迈尔斯·特勒 Miles Teller,8.6,这个世界从不善待努力的人，努力了也不一定会成功，但是知道自己在努力，就是活下去的动力。,剧情/音乐,
199,魔女宅急便,https://img3.doubanio.com/view/photo/s_ratio_poster/public/p456676352.jpg,日本,1989, 宫崎骏 Hayao Miyazaki, 高山南 Minami Takayama,8.7,宫崎骏的电影总让人感觉世界是美好的，阳光明媚的。,动画/奇幻/冒险,
200,高山下的花环,https://img1.doubanio.com/view/photo/s_ratio_poster/public/p2319879389.jpg,1985,1984(中国大陆), 谢晋 Jin Xie, 吕晓禾 Xiaohe Lü,9.5,,剧情/战争,
201,大佛普拉斯,https://img3.doubanio.com/view/photo/s_ratio_poster/public/p2505928032.jpg,中国台湾,2017, 黄信尧 Hsin-yao Huang, 庄益增 Yizeng Zhuang,8.7,人们可以登上月球，却永远无法探索人们内心的宇宙。,剧情/喜剧,
202,遗愿清单,https://img3.doubanio.com/view/photo/s_ratio_poster/public/p2676812053.jpg,美国,2007, 罗伯·莱纳 Rob Reiner, 杰克·尼科尔森 Jack Nicholson,8.7,用剩余不多的时间，去燃烧整个生命。,冒险/喜剧/剧情,
203,贫民窟的百万富翁,https://img1.doubanio.com/view/photo/s_ratio_poster/public/p2434249040.jpg,英国,2008, 丹尼·鲍尔 Danny Boyle, 丹尼·鲍尔 Danny Boyle,8.6,上帝之城+猜火车+阿甘正传+开心辞典=山寨富翁,剧情/爱情,
204,东邪西毒,https://img3.doubanio.com/view/photo/s_ratio_poster/public/p1982176012.jpg,中国香港 中国台湾,1994, 王家卫 Kar Wai Wong, 张国荣 Leslie Cheung,8.6,电影诗。,剧情/动作/爱情/武侠/古装,
205,你看起来好像很好吃,https://img3.doubanio.com/view/photo/s_ratio_poster/public/p709670262.jpg,日本,2010, 藤森雅也 Masaya Fujimori, 山口胜平 Kappei Yamaguchi,8.9,感情不分食草或者食肉。,剧情/动画/儿童,
206,源代码,https://img9.doubanio.com/view/photo/s_ratio_poster/public/p988260245.jpg,美国 加拿大,2011, 邓肯·琼斯 Duncan Jones, 杰克·吉伦哈尔 Jake Gyllenhaal,8.6,邓肯·琼斯继《月球》之后再度奉献出一部精彩绝伦的科幻佳作。,科幻/悬疑/惊悚,
207,疯狂的麦克斯4：狂暴之路,https://img3.doubanio.com/view/photo/s_ratio_poster/public/p2236181653.jpg,澳大利亚 美国,2015, 乔治·米勒 George Miller, 汤姆·哈迪 Tom Hardy,8.7,“多么美好的一天！”轰轰轰砰咚，啪哒哒哒轰隆隆，磅~,动作/科幻/冒险,
208,可可西里,https://img9.doubanio.com/view/photo/s_ratio_poster/public/p2363208684.jpg,中国大陆 中国香港,2004, 陆川 Chuan Lu, 多布杰 Duobujie,8.9,坚硬的信仰。,剧情/犯罪,
209,海边的曼彻斯特,https://img9.doubanio.com/view/photo/s_ratio_poster/public/p2421855655.jpg,美国,2016, 肯尼斯·罗纳根 Kenneth Lonergan, 卡西·阿弗莱克 Casey Affle...,8.6,我们都有权利不与自己的过去和解。,剧情/家庭,
210,城市之光,https://img1.doubanio.com/view/photo/s_ratio_poster/public/p2170238828.jpg,美国,1931, Charles Chaplin, 查理·卓别林 Charles Chaplin,9.3,永远的小人物，伟大的卓别林。,喜剧/剧情/爱情,
211,波西米亚狂想曲,https://img3.doubanio.com/view/photo/s_ratio_poster/public/p2549558913.jpg,英国 美国,2018, 布莱恩·辛格 Bryan Singer, 拉米·马雷克 Rami Malek,8.6,,剧情/传记/同性/音乐,
212,芙蓉镇,https://img1.doubanio.com/view/photo/s_ratio_poster/public/p2575337180.jpg,中国大陆,1987, 谢晋 Jin Xie, 刘晓庆 Xiaoqing Liu,9.3,,剧情/爱情,
213,黑天鹅,https://img9.doubanio.com/view/photo/s_ratio_poster/public/p2549648344.jpg,美国,2010, 达伦·阿罗诺夫斯基 Darren Aronofsky, 娜塔莉·波特曼 Natalie...,8.6,黑暗之美。,剧情/惊悚,
214,爱乐之城,https://img3.doubanio.com/view/photo/s_ratio_poster/public/p2901102612.jpg,美国,2016, 达米恩·查泽雷 Damien Chazelle, 瑞恩·高斯林 Ryan Gosling,8.4,,剧情/爱情/歌舞,
215,花束般的恋爱,https://img3.doubanio.com/view/photo/s_ratio_poster/public/p2868462052.jpg,日本,2021, 土井裕泰 Nobuhiro Doi, 菅田将晖 Masaki Suda,8.6,,剧情/爱情,
216,青蛇,https://img3.doubanio.com/view/photo/s_ratio_poster/public/p2570901292.jpg,中国香港 中国大陆,1993, 徐克 Hark Tsui, 张曼玉 Maggie Cheung,8.6,人生如此，浮生如斯。谁人言，花彼岸，此生情长意短。谁都是不懂爱的罢了。,剧情/爱情/奇幻/古装,
217,初恋这件小事,https://img3.doubanio.com/view/photo/s_ratio_poster/public/p1505312273.jpg,泰国,2010, 普特鹏·普罗萨卡·那·萨克那卡林 Puttipong Promsaka Na Sakolnakorn, 普特鹏·普罗萨卡·那·萨克那卡林 Puttipong Promsaka Na Sakolnakorn,8.5,黑小鸭速效美白记。,剧情/喜剧/爱情,
218,终结者2：审判日,https://img9.doubanio.com/view/photo/s_ratio_poster/public/p1910909085.jpg,美国 法国,1991, 詹姆斯·卡梅隆 James Cameron, 阿诺·施瓦辛格 Arnold Schwarz...,8.8,少见的超越首部的续集，动作片中的经典。,动作/科幻,
219,哈利·波特与死亡圣器(上),https://img9.doubanio.com/view/photo/s_ratio_poster/public/p2913456984.jpg,英国 美国,2010, 大卫·叶茨 David Yates, 丹尼尔·雷德克里夫 Daniel Radcliffe...,8.6,最忠于原著的一部。,奇幻/冒险,
220,雨人,https://img3.doubanio.com/view/photo/s_ratio_poster/public/p2353324612.jpg,美国,1988, 巴瑞·莱文森 Barry Levinson, 达斯汀·霍夫曼 Dustin Hoffman ...,8.7,生活在自己的世界里，也可以让周围的人显得可笑和渺小。,剧情,
221,里斯本丸沉没,https://img9.doubanio.com/view/photo/s_ratio_poster/public/p2912588024.jpg,中国大陆,2023, 方励 Li Fang, 方励 Li Fang,9.3,,纪录片,
222,白日梦想家,https://img2.doubanio.com/view/photo/s_ratio_poster/public/p2160195181.jpg,美国 英国,2013, 本·斯蒂勒 Ben Stiller, 本·斯蒂勒 Ben Stiller,8.6,,剧情/喜剧/冒险,
223,人工智能,https://img3.doubanio.com/view/photo/s_ratio_poster/public/p792257137.jpg,美国 英国,2001, 史蒂文·斯皮尔伯格 Steven Spielberg, 海利·乔·奥斯蒙 Haley...,8.7,对爱的执着，可以超越一切。,剧情/科幻,
224,真爱至上,https://img1.doubanio.com/view/photo/s_ratio_poster/public/p475600770.jpg,英国 美国 法国,2003, 理查德·柯蒂斯 Richard Curtis, 休·格兰特 Hugh Grant,8.5,爱，是个动词。,喜剧/剧情/爱情,
225,无耻混蛋,https://img3.doubanio.com/view/photo/s_ratio_poster/public/p1086394013.jpg,德国 美国,2009, 昆汀·塔伦蒂诺 Quentin Tarantino, 布拉德·皮特 Brad Pitt,8.7,昆汀同学越来越变态了，比北野武还杜琪峰。,剧情/犯罪,
226,新龙门客栈,https://img1.doubanio.com/view/photo/s_ratio_poster/public/p1421018669.jpg,中国香港 中国大陆,1992, 李惠民 Raymond Lee, 张曼玉 Maggie Cheung,8.7,嬉笑怒骂，调风动月。,动作/爱情/武侠/古装,
227,虎口脱险,https://img3.doubanio.com/view/photo/s_ratio_poster/public/p2399597512.jpg,法国 英国,1966, 杰拉尔·乌里 Gérard Oury, 路易·德·菲耐斯 Louis de Funès...,8.9,永远看不腻的喜剧。,喜剧/战争,
228,恋恋笔记本,https://img9.doubanio.com/view/photo/s_ratio_poster/public/p483604864.jpg,美国,2004, 尼克·卡索维茨 Nick Cassavetes, 瑞恩·高斯林 Ryan Gosling,8.5,爱情没有那么多借口，如果不能圆满，只能说明爱的不够。 ,剧情/爱情,
229,崖上的波妞,https://img1.doubanio.com/view/photo/s_ratio_poster/public/p2627847859.jpg,日本,2008, 宫崎骏 Hayao Miyazaki, 奈良柚莉爱 Yuria Nara,8.6,,动画/奇幻/冒险,
230,罗生门,https://img2.doubanio.com/view/photo/s_ratio_poster/public/p1598883511.jpg,日本,1950, 黑泽明 Akira Kurosawa, 三船敏郎 Toshirô Mifune,8.8,人生的N种可能性。,剧情/犯罪/悬疑,
231,千钧一发,https://img3.doubanio.com/view/photo/s_ratio_poster/public/p792423963.jpg,美国,1997, 安德鲁·尼科尔 Andrew Niccol, 伊桑·霍克 Ethan Hawke,8.8,一部能引人思考的科幻励志片。,剧情/科幻/惊悚,
232,彗星来的那一夜,https://img9.doubanio.com/view/photo/s_ratio_poster/public/p2187896734.jpg,美国 英国,2013, 詹姆斯·沃德·布柯特 James Ward Byrkit, 艾米丽·芭尔多尼 Em...,8.6,小成本大魅力。,科幻/悬疑/惊悚,
233,大红灯笼高高挂,https://img3.doubanio.com/view/photo/s_ratio_poster/public/p1254404823.jpg,中国大陆 中国香港 中国台湾,1991, 张艺谋 Yimou Zhang, 巩俐 Li Gong,8.8,,剧情,
234,哈利·波特与凤凰社,https://img9.doubanio.com/view/photo/s_ratio_poster/public/p2913456924.jpg,英国 美国,2007, 大卫·叶茨 David Yates, 丹尼尔·雷德克里夫 Daniel Radcliffe...,8.5,,奇幻/冒险,
235,黑客帝国2：重装上阵,https://img1.doubanio.com/view/photo/s_ratio_poster/public/p443461390.jpg,美国,2003, 拉娜·沃卓斯基 Lana Wachowski, 拉娜·沃卓斯基 Lana Wachowski,8.7,一个精彩的世界观正在缓缓建立。,动作/科幻,
236,火星救援,https://img3.doubanio.com/view/photo/s_ratio_poster/public/p2264592493.jpg,英国 美国 匈牙利 约旦,2015, 雷德利·斯科特 Ridley Scott, 马特·达蒙 Matt Damon,8.5,,剧情/科幻/冒险,
237,萤火虫之墓,https://img1.doubanio.com/view/photo/s_ratio_poster/public/p2237136718.jpg,日本,1988, 高畑勋 Isao Takahata, 辰己努,8.7,幸福是生生不息，却难以触及的远。 ,动画/剧情/战争,
238,奇迹男孩,https://img1.doubanio.com/view/photo/s_ratio_poster/public/p2507709428.jpg,美国 中国香港,2017, 斯蒂芬·卓博斯基 Stephen Chbosky, 雅各布·特伦布莱 Jacob Tr...,8.6,世界不完美，爱会有奇迹。,剧情/儿童/家庭,
239,二十二,https://img3.doubanio.com/view/photo/s_ratio_poster/public/p2457609817.jpg,中国大陆,2015, 郭柯 Ke Guo,,8.7,有一些东西不应该被遗忘。,纪录片,
240,战争之王,https://img2.doubanio.com/view/photo/s_ratio_poster/public/p792282381.jpg,美国 德国,2005, 安德鲁·尼科尔 Andrew Niccol, 尼古拉斯·凯奇 Nicolas Cage,8.7,做一颗让别人需要你的棋子。,剧情/犯罪,
241,步履不停,https://img1.doubanio.com/view/photo/s_ratio_poster/public/p2375245718.jpg,日本,2008, 是枝裕和 Hirokazu Koreeda, 阿部宽 Hiroshi Abe,8.8,日本的家庭电影已经是世界巅峰了，步履不停是巅峰中的佳作。,剧情/家庭,
242,千年女优,https://img9.doubanio.com/view/photo/s_ratio_poster/public/p2215102596.jpg,日本,2001, 今敏 Satoshi Kon, 庄司美代子 Miyoko Shôji,8.8,爱情是一场没有尽头的虚幻追逐。,动画/剧情/爱情,
243,血钻,https://img3.doubanio.com/view/photo/s_ratio_poster/public/p1244017073.jpg,美国 德国 英国,2006, 爱德华·兹威克 Edward Zwick, 莱昂纳多·迪卡普里奥 Leonardo ...,8.7,每个美丽事物背后都是滴血的现实。,剧情/惊悚/冒险,
244,谍影重重2,https://img9.doubanio.com/view/photo/s_ratio_poster/public/p667644866.jpg,美国 德国,2004, 保罗·格林格拉斯 Paul Greengrass, 马特·达蒙 Matt Damon,8.7,谁说王家卫镜头很晃？,动作/悬疑/惊悚,
245,蜘蛛侠：平行宇宙,https://img1.doubanio.com/view/photo/s_ratio_poster/public/p2535851348.jpg,美国,2018, 鲍勃·佩尔西凯蒂 Bob Persichetti, 鲍勃·佩尔西凯蒂 Bob Persichetti,8.6,,动作/科幻/动画/冒险,
246,房间,https://img9.doubanio.com/view/photo/s_ratio_poster/public/p2259715855.jpg,爱尔兰 加拿大 英国 美国,2015, 伦尼·阿伯拉罕森 Lenny Abrahamson, 布丽·拉尔森 Brie Larson...,8.8,被偷走的岁月，被伤害的生命，被禁锢的灵魂，终将被希望和善意救赎。,剧情/家庭,
247,魂断蓝桥,https://img1.doubanio.com/view/photo/s_ratio_poster/public/p2351134499.jpg,美国,1940, 茂文·勒鲁瓦 Mervyn LeRoy, 费雯·丽 Vivien Leigh,8.8,中国式内在的美国电影。,剧情/爱情/战争,
248,弱点,https://img3.doubanio.com/view/photo/s_ratio_poster/public/p2577248102.jpg,美国,2009, 约翰·李·汉考克 John Lee Hancock, 桑德拉·布洛克 Sandra Bu...,8.7,拍掉身上的悲伤，从今天开始重新踏上追梦之旅。,剧情/家庭/传记/运动,
249,谍影重重,https://img2.doubanio.com/view/photo/s_ratio_poster/public/p1597183981.jpg,美国 德国 捷克,2002, 道格·里曼 Doug Liman, 马特·达蒙 Matt Damon,8.6,哗啦啦啦啦，天在下雨，哗啦啦啦啦，云在哭泣……找自己。,动作/悬疑/惊悚,
250,隐藏人物,https://img1.doubanio.com/view/photo/s_ratio_poster/public/p2374067318.jpg,美国,2016, 特奥多尔·梅尔菲 Theodore Melfi, 塔拉吉·P·汉森 Taraji P. ...,8.9,,剧情/传记/历史,
